Handle,Title,Body (HTML),Vendor,Product Category,Type,Tags,Published,Option1 Name,Option1 Value,Variant SKU,Variant Grams,Variant Inventory Tracker,Variant Inventory Qty,Variant Inventory Policy,Variant Fulfillment Service,Variant Price,Variant Compare At Price,Variant Requires Shipping,Variant Taxable,Gift Card,Image Src,Collection,SEO Title,SEO Description,Status
tap-cleaner-limescale-remover,Tap cleaner & limescale remover,"<p>Plant-powered tap cleaner that melts hard water stains without harsh acids.</p>",Purelane,Home & Garden > Household Supplies > Cleaning Supplies,Homecare,"Best Seller, kitchen, bathroom",TRUE,Title,Default Title,PL-TAP-500,500,shopify,120,deny,manual,200,299,TRUE,TRUE,FALSE,,bestsellers,Tap cleaner & limescale remover | Purelane,Removes limescale and hard water stains from taps and fittings.,active
kitchen-cleaner-foaming,Kitchen cleaner foaming,"<p>Foaming plant-based kitchen cleaner that lifts grease without scrubbing.</p>",Purelane,Home & Garden > Household Supplies > Cleaning Supplies,Homecare,"Best Seller, kitchen",TRUE,Title,Default Title,PL-KIT-500,500,shopify,200,deny,manual,200,299,TRUE,TRUE,FALSE,,bestsellers,Kitchen cleaner foaming | Purelane,Plant-powered foaming kitchen cleaner for Indian homes.,active
copper-bronze-brass-cleaner,Copper bronze & brass cleaner,"<p>Gentle metal cleaner for copper brass and bronze surfaces.</p>",Purelane,Home & Garden > Household Supplies > Cleaning Supplies,Homecare,"Top Rated, kitchen",TRUE,Title,Default Title,PL-MET-250,350,shopify,85,deny,manual,200,299,TRUE,TRUE,FALSE,,bestsellers,Copper bronze & brass cleaner | Purelane,Restore shine to metal cookware and fixtures.,active
washing-machine-cleaner-descaler,Washing machine cleaner & descaler,"<p>Descaler tablets that deep-clean washing machines and remove odour.</p>",Purelane,Home & Garden > Household Supplies > Cleaning Supplies,Homecare,"New, laundry",TRUE,Title,Default Title,PL-WM-6,200,shopify,95,deny,manual,200,299,TRUE,TRUE,FALSE,,bestsellers,Washing machine cleaner | Purelane,Keep your washing machine fresh and efficient.,active
laundry-detergent-non-toxic,Non-toxic laundry detergent,"<p>Plant-derived laundry detergent tough on odour soft on fabric.</p>",Purelane,Home & Garden > Household Supplies > Cleaning Supplies,Homecare,"Best Seller, laundry",TRUE,Title,Default Title,PL-LAU-1KG,1000,shopify,150,deny,manual,200,299,TRUE,TRUE,FALSE,,bestsellers,Laundry detergent | Purelane,Non-toxic laundry detergent for everyday washes.,active
natural-herbal-floor-cleaner,Natural herbal floor cleaner,"<p>Neem-powered floor cleaner safe around kids and pets.</p>",Purelane,Home & Garden > Household Supplies > Cleaning Supplies,Homecare,"home, floor",TRUE,Title,Default Title,PL-FLR-1L,1000,shopify,110,deny,manual,200,299,TRUE,TRUE,FALSE,,bestsellers,Floor cleaner | Purelane,Natural herbal floor cleaner for Indian homes.,active
non-toxic-toilet-cleaner,Non-toxic toilet cleaner,"<p>Plant-based toilet cleaner that kills 99.9% of germs.</p>",Purelane,Home & Garden > Household Supplies > Cleaning Supplies,Homecare,"bathroom, home",TRUE,Title,Default Title,PL-TLT-500,500,shopify,130,deny,manual,200,299,TRUE,TRUE,FALSE,,bestsellers,Toilet cleaner | Purelane,Non-toxic toilet cleaner with no harsh chlorine.,active
gentle-hydrating-liquid-handwash,Gentle hydrating liquid handwash,"<p>Moisturising handwash with plant cleansers and a clean fragrance.</p>",Purelane,Home & Garden > Household Supplies > Cleaning Supplies,Homecare,"skin, handwash",TRUE,Title,Default Title,PL-HW-300,300,shopify,140,deny,manual,200,299,TRUE,TRUE,FALSE,,bestsellers,Liquid handwash | Purelane,Gentle hydrating liquid handwash for daily use.,active
organic-dishwash-liquid-gel,Organic dishwash liquid gel,"<p>Cuts grease while staying kind to hands. Currently out of stock.</p>",Purelane,Home & Garden > Household Supplies > Cleaning Supplies,Homecare,"kitchen, dishwash",TRUE,Title,Default Title,PL-DSH-500,500,shopify,0,deny,manual,200,299,TRUE,TRUE,FALSE,,bestsellers,Dishwash gel | Purelane,Organic dishwash liquid gel — sold out.,active
purelane-plant-powered-foaming-kitchen-cleaner-spray-extra-long-title,Purelane plant-powered foaming kitchen cleaner spray for grease grime and everyday mess with refillable 500ml bottle for Indian homes,"<p>Plant-powered foaming spray for everyday kitchen grease and grime. Refillable 500ml bottle.</p>",Purelane,Home & Garden > Household Supplies > Cleaning Supplies,Homecare,kitchen,TRUE,Title,Default Title,PL-LONG-NOIMG,500,shopify,50,deny,manual,200,299,TRUE,TRUE,FALSE,,bestsellers,Long title kitchen cleaner | Purelane,Plant-powered foaming kitchen cleaner spray for Indian homes.,active
bundle-any-2-products,Bundle — any 2 products,"<p>Pick any two Purelane products at a flat bundle price.</p>",Purelane,Home & Garden > Household Supplies > Cleaning Supplies,Bundle,bundle,TRUE,Title,Default Title,PL-BND-2,0,shopify,999,continue,manual,349,598,TRUE,TRUE,FALSE,,,Any 2 products bundle | Purelane,Starter bundle — any two products.,active
bundle-any-3-products,Bundle — any 3 products,"<p>Pick any three Purelane products at a flat bundle price.</p>",Purelane,Home & Garden > Household Supplies > Cleaning Supplies,Bundle,bundle,TRUE,Title,Default Title,PL-BND-3,0,shopify,999,continue,manual,499,897,TRUE,TRUE,FALSE,,,Any 3 products bundle | Purelane,Most popular bundle tier.,active
bundle-any-5-products,Bundle — any 5 products,"<p>Pick any five Purelane products at a flat bundle price.</p>",Purelane,Home & Garden > Household Supplies > Cleaning Supplies,Bundle,bundle,TRUE,Title,Default Title,PL-BND-5,0,shopify,999,continue,manual,799,1495,TRUE,TRUE,FALSE,,,Any 5 products bundle | Purelane,Whole home bundle tier.,active
combo-kitchen-essentials,Kitchen essentials combo,"<p>Kitchen cleaner dishwash gel and tap cleaner bundled together.</p>",Purelane,Home & Garden > Household Supplies > Cleaning Supplies,Bundle,"bundle, combo, kitchen",TRUE,Title,Default Title,PL-CMB-KIT,0,shopify,999,continue,manual,499,897,TRUE,TRUE,FALSE,,,Kitchen essentials combo | Purelane,Pre-built kitchen combo bundle.,active
combo-laundry-care,Laundry care bundle,"<p>Laundry detergent fabric care and machine cleaner in one box.</p>",Purelane,Home & Garden > Household Supplies > Cleaning Supplies,Bundle,"bundle, combo, laundry",TRUE,Title,Default Title,PL-CMB-LAU,0,shopify,999,continue,manual,499,947,TRUE,TRUE,FALSE,,,Laundry care bundle | Purelane,Pre-built laundry combo bundle.,active
combo-complete-home,Complete home bundle,"<p>Our biggest saving box across kitchen laundry home and skin.</p>",Purelane,Home & Garden > Household Supplies > Cleaning Supplies,Bundle,"bundle, combo, featured",TRUE,Title,Default Title,PL-CMB-HOME,0,shopify,999,continue,manual,799,1495,TRUE,TRUE,FALSE,,,Complete home bundle | Purelane,Best value complete home combo.,active
combo-bathroom-deep-clean,Bathroom deep clean combo,"<p>Toilet cleaner tap cleaner and magic eraser in one bathroom refresh box.</p>",Purelane,Home & Garden > Household Supplies > Cleaning Supplies,Bundle,"bundle, combo, bathroom",TRUE,Title,Default Title,PL-CMB-BATH,0,shopify,999,continue,manual,499,897,TRUE,TRUE,FALSE,,,Bathroom deep clean combo | Purelane,Complete bathroom refresh bundle.,active
combo-hard-water-kit,Hard water solution kit,"<p>Tap cleaner and toilet cleaner focused fix for limescale stains.</p>",Purelane,Home & Garden > Household Supplies > Cleaning Supplies,Bundle,"bundle, combo, hard-water",TRUE,Title,Default Title,PL-CMB-H2O,0,shopify,999,continue,manual,349,598,TRUE,TRUE,FALSE,,,Hard water solution kit | Purelane,Hard water stain bundle.,active
magic-eraser-sponge,Magic eraser sponge,"<p>Plant-based magic eraser for soap scum and stubborn bathroom stains.</p>",Purelane,Home & Garden > Household Supplies > Cleaning Supplies,Homecare,"bathroom, eraser",TRUE,Title,Default Title,PL-ERASER-2,120,shopify,90,deny,manual,200,299,TRUE,TRUE,FALSE,,bestsellers,Magic eraser sponge | Purelane,Scrubs away soap scum without harsh chemicals.,active
